Chinese,Japanese,正しい日本語,
上传原件,オリジナルをアップロードする,原本をアップロード,FALSE
上架记录,レコードのリスト表示,棚卸記録,FALSE
下载地址：,ダウンロードアドレス:,ダウンロードURL：,FALSE
下载模板,テンプレートをダウンロード,テンプレートダウンロード,FALSE
业务经理,ビジネスマネージャー,営業マネージャー,FALSE
个产品超出库存设定范围,在庫設定範囲を超えた商品,商品が在庫設定範囲を超えています,FALSE
临期预警,賞味期限警告,期限切れ間近警告,FALSE
云打印服务(localhost本地)未安装启动,クラウド印刷サービス (localhost local) がインストールされておらず、起動されていません。,クラウド印刷サービス（localhostローカル）がインストールされていません,FALSE
云打印服务需升级,クラウド印刷サービスをアップグレードする必要がある,クラウド印刷サービスのアップグレードが必要,FALSE
产品,製品,商品,FALSE
产品 export function materialsOption(params),製品 エクスポート関数materialsOption(params),商品 エクスポート関数 materialsOption(params),FALSE
产品信息,製品情報,商品情報,FALSE
产品信息 export function getGoodsNumber(params),製品情報 エクスポート関数 getGoodsNumber(params),商品情報 エクスポート関数 getGoodsNumber(params),FALSE
产品信息 export function goodsInformationExport(params),製品情報 エクスポート機能 GoodsInformationExport(params),商品情報 エクスポート関数 goodsInformationExport(params),FALSE
产品信息 export function goodsInformationList(params),製品情報 エクスポート機能 GoodsInformationList(params),商品情報 エクスポート関数 goodsInformationList(params),FALSE
产品信息列表,製品情報一覧,商品情報一覧,FALSE
产品信息导入,製品情報のインポート,商品情報インポート,FALSE
产品信息导入 export function goodsInformationImport(data),製品情報のインポート 輸出機能商品情報輸入(データ),商品情報インポート エクスポート関数 goodsInformationImport(data),FALSE
产品信息导入模板,製品情報インポートテンプレート,商品情報インポートテンプレート,FALSE
产品信息模板,製品情報テンプレート,商品情報テンプレート,FALSE
产品信息模板 export function goodsInformationTemplate(params),製品情報テンプレート エクスポート機能商品情報テンプレート(params),商品情報テンプレート エクスポート関数 goodsInformationTemplate(params),FALSE
产品分类,製品分類,商品分類,FALSE
产品分类 export function goodsClassificationExport(params),製品分類 エクスポート機能 GoodsClassificationExport(params),商品分類 エクスポート関数 goodsClassificationExport(params),FALSE
产品分类 export function goodsClassificationList(params),製品分類 エクスポート機能 GoodsClassificationList(params),商品分類 エクスポート関数 goodsClassificationList(params),FALSE
产品分类 export function goodsClassificationOption(params),製品分類 エクスポート関数 GoodsClassificationOption(params),商品分類 エクスポート関数 goodsClassificationOption(params),FALSE
产品分类列表,製品カテゴリー一覧,商品分類一覧,FALSE
产品分类导入,製品分類のインポート,商品分類インポート,FALSE
产品分类导入 export function goodsClassificationImport(data),製品分類のインポート 輸出機能商品分類輸入(データ),商品分類インポート エクスポート関数 goodsClassificationImport(data),FALSE
产品分类导入模板,製品分類インポートテンプレート,商品分類インポートテンプレート,FALSE
产品分类模板,製品カテゴリのテンプレート,商品分類テンプレート,FALSE
产品分类模板 export function goodsClassificationTemplate(params),製品カテゴリのテンプレート エクスポート機能商品分類テンプレート(params),商品分類テンプレート エクスポート関数 goodsClassificationTemplate(params),FALSE
产品单位,製品単位,商品単位,FALSE
产品单位 export function goodsUnitExport(params),製品単位 エクスポート関数 GoodsUnitExport(params),商品単位 エクスポート関数 goodsUnitExport(params),FALSE
产品单位 export function goodsUnitList(params),製品単位 エクスポート関数 GoodsUnitList(params),商品単位 エクスポート関数 goodsUnitList(params),FALSE
产品单位 export function goodsUnitOption(params),製品単位 エクスポート関数 GoodsUnitOption(params),商品単位 エクスポート関数 goodsUnitOption(params),FALSE
产品单位列表,製品ユニット一覧,商品単位一覧,FALSE
产品单位导入,製品単位のインポート,商品単位インポート,FALSE
产品单位导入 export function goodsUnitImport(data),製品単位のインポート エクスポート機能 GoodsUnitImport(データ),商品単位インポート エクスポート関数 goodsUnitImport(data),FALSE
产品单位导入模板,製品単位インポートテンプレート,商品単位インポートテンプレート,FALSE
产品单位模板,製品単位テンプレート,商品単位テンプレート,FALSE
产品单位模板 export function goodsUnitTemplate(params),製品単位テンプレート エクスポート機能グッズUnitTemplate(params),商品単位テンプレート エクスポート関数 goodsUnitTemplate(params),FALSE
产品名称,製品名,商品名,FALSE
产品已存在,製品はすでに存在します,商品は既に存在します,FALSE
产品批次,製品バッチ,商品ロット,FALSE
产品数量,製品数量,商品数量,FALSE
产品数量需要大于0,製品数量は 0 より大きい必要があります,商品数量は0より大きい必要があります,FALSE
产品条码,製品バーコード,商品バーコード,FALSE
产品管理,製品管理,商品管理,FALSE
产品编号,製品番号,商品コード,FALSE
产品详细介绍,製品詳細,商品詳細説明,FALSE
产品选择,製品の選択,商品選択,FALSE
产品选项,製品オプション,商品オプション,FALSE
产品选项 export function goodsOption(params),製品オプション エクスポート関数 GoodsOption(params),商品オプション エクスポート関数 goodsOption(params),FALSE
产品选项 export function inventoriesOption(params),製品オプション エクスポート関数 inventoriesOption(params),商品オプション エクスポート関数 inventoriesOption(params),FALSE
今日已完成,本日完了しました,本日完了,FALSE
今日采购笔数,今日の買い物,本日購買件数,FALSE
今日销售笔数,本日の売上,本日販売件数,FALSE
今日销售额,本日の売上,本日売上高,FALSE
仓库 export function warehousesOption(params),倉庫 エクスポート関数のウェアハウスOption(params),倉庫 エクスポート関数 warehousesOption(params),FALSE
仓库字典列表,倉庫辞書リスト,倉庫マスタ一覧,FALSE
仓库字典导入模板,ウェアハウス辞書インポートテンプレート,倉庫マスタインポートテンプレート,FALSE
仓库导入,倉庫輸入,倉庫インポート,FALSE
仓库导入 export function warehouseImport(data),倉庫輸入 エクスポート関数warehouseImport(data),倉庫インポート エクスポート関数 warehouseImport(data),FALSE
付款,支払,支払い,FALSE
付款业务,決済事業,支払業務,FALSE
付款单,支払い命令,支払伝票,FALSE
付款单 export function getPaymentOrderNumber(params),支払い命令 エクスポート関数 getPaymentOrderNumber(params),支払伝票 エクスポート関数 getPaymentOrderNumber(params),FALSE
付款单创建,支払い注文の作成,支払伝票作成,FALSE
付款单据,支払書類,支払伝票,FALSE
付款单详情,支払い注文の詳細,支払伝票詳細,FALSE
付款新增,新規支払い,支払新規登録,FALSE
付款新增 export function paymentOrderCreate(data),新規支払い エクスポート関数paymentOrderCreate(data),支払新規登録 エクスポート関数 paymentOrderCreate(data),FALSE
付款编号,支払い番号,支払番号,FALSE
付款记录作废,支払記録が無効です,支払記録無効,FALSE
付款记录作废 export function paymentOrdersVoid(data),支払記録が無効です エクスポート関数paymentOrdersVoid(data),支払記録無効 エクスポート関数 paymentOrdersVoid(data),FALSE
付款详情,お支払い詳細,支払詳細,FALSE
付款详情 export function paymentOrderDetail(params),お支払い詳細 エクスポート関数paymentOrderDetail(params),支払詳細 エクスポート関数 paymentOrderDetail(params),FALSE
付款金额(元),支払金額（元）,支払金額（円）,FALSE
付款金额合计：,お支払い総額:,支払金額合計：,FALSE
付金额,お支払い金額,支払金額,FALSE
付金额(元),支払金額（元）,支払金額（円）,FALSE
付金额格式不正确,支払い金額の形式が間違っています,支払金額の形式が不正です,FALSE
令牌过期,トークンの有効期限が切れる,トークン有効期限切れ,FALSE
优惠金额格式不正确,割引額の形式が間違っています,割引金額の形式が不正です,FALSE
作废,空所,無効,FALSE
作废付款单据,支払い文書を無効にする,支払伝票無効,FALSE
作废入库通知单号,無効倉庫通知番号,入庫通知番号無効,FALSE
作废出库通知单号,無効化された配送通知番号,出庫通知番号無効,FALSE
作废成功,キャンセルが成功しました,無効化成功,FALSE
作废收支单据,領収書と支払い書類を無効にする,収支伝票無効,FALSE
作废收款单据,支払い領収書を無効にする,入金伝票無効,FALSE
作废盘点单号,無効化された在庫注文番号,棚卸伝票番号無効,FALSE
作废调拨单号,無効な転送オーダー番号です,振替伝票番号無効,FALSE
作废采购单号,注文書番号を無効にします,購買伝票番号無効,FALSE
作废采购退货单号,購入返品注文番号を無効にします,購買返品伝票番号無効,FALSE
作废销售单号,無効な販売注文番号です,販売伝票番号無効,FALSE
作废销售退货单号,無効な販売返品注文番号,販売返品伝票番号無効,FALSE
使用服务器的后端,サーバーのバックエンドの使用,サーバーバックエンド使用,FALSE
使用本地的后端,ローカルバックエンドを使用する,ローカルバックエンド使用,FALSE
供应商 export function getSupplierNumber(params),サプライヤー エクスポート関数 getSupplierNumber(params),仕入先 エクスポート関数 getSupplierNumber(params),FALSE
供应商 export function supplierArrearsOption(params),サプライヤー エクスポート関数supplierArrearsOption(params),仕入先 エクスポート関数 supplierArrearsOption(params),FALSE
供应商 export function supplierExport(params),サプライヤー エクスポート関数supplierExport(params),仕入先 エクスポート関数 supplierExport(params),FALSE
供应商 export function supplierList(params),サプライヤー エクスポート関数supplierList(params),仕入先 エクスポート関数 supplierList(params),FALSE
供应商 export function suppliersOption(params),サプライヤー エクスポート関数suppliersOption(params),仕入先 エクスポート関数 suppliersOption(params),FALSE
供应商列表,サプライヤーリスト,仕入先一覧,FALSE
供应商名称,サプライヤー名,仕入先名,FALSE
供应商导入,サプライヤーの輸入,仕入先インポート,FALSE
供应商导入 export function supplierImport(data),サプライヤーの輸入 エクスポート関数supplierImport(data),仕入先インポート エクスポート関数 supplierImport(data),FALSE
供应商导入模板,サプライヤーインポートテンプレート,仕入先インポートテンプレート,FALSE
供应商模板,サプライヤーテンプレート,仕入先テンプレート,FALSE
供应商模板 export function supplierTemplate(params),サプライヤーテンプレート エクスポート関数supplierTemplate(params),仕入先テンプレート エクスポート関数 supplierTemplate(params),FALSE
供应商编号,サプライヤー番号,仕入先コード,FALSE
保存成功,保存に成功しました,保存成功,FALSE
保质期天数,賞味期限日数,品質保証期間日数,FALSE
保质期预警天数,賞味期限警告日,品質保証期間警告日数,FALSE
修改成功,変更が成功しました,更新成功,FALSE
元）,元）,円）,FALSE
入库,倉庫,入庫,FALSE
入库 export function stockInCreate(data),倉庫 エクスポート関数stockInCreate(データ),入庫 エクスポート関数 stockInCreate(data),FALSE
入库业务,倉庫業,入庫業務,FALSE
入库仓库,入荷倉庫,入庫倉庫,FALSE
入库任务 export function stockInOrdersList(params),倉庫作業 エクスポート関数stockInOrdersList(params),入庫タスク エクスポート関数 stockInOrdersList(params),FALSE
入库任务提醒,倉庫作業リマインダー,入庫タスク通知,FALSE
入库任务提醒 export function stockInList(params),倉庫作業リマインダー エクスポート関数stockInList(params),入庫タスク通知 エクスポート関数 stockInList(params),FALSE
入库创建,倉庫の作成,入庫登録,FALSE
入库剩余数量,残り在庫数,入庫残数量,FALSE
入库单,倉庫受領書,入庫伝票,FALSE
入库完成状态,入庫完了状況,入庫完了状態,FALSE
入库总数,総倉庫数,入庫総数,FALSE
入库数量,入荷数量,入庫数量,FALSE
入库类型,倉庫タイプ,入庫タイプ,FALSE
入库编号,倉庫番号,入庫番号,FALSE
入库记录作废,倉庫レコードが無効です,入庫記録無効,FALSE
入库记录作废 export function stockInOrdersVoid(data),倉庫レコードが無効です エクスポート関数stockInOrdersVoid(data),入庫記録無効 エクスポート関数 stockInOrdersVoid(data),FALSE
入库通知单号,倉庫届出番号,入庫通知番号,FALSE
入库通知单据,入庫届出書,入庫通知伝票,FALSE
入库通知单据 export function stockInOrderDetail(params),入庫届出書 エクスポート関数stockInOrderDetail(params),入庫通知伝票 エクスポート関数 stockInOrderDetail(params),FALSE
入库通知单详情,倉庫通知の詳細,入庫通知詳細,FALSE
共,一般,合計,FALSE
关闭,閉鎖,閉じる,FALSE
关闭工单,チケットを閉じる,作業指示書クローズ,FALSE
关闭成功,正常に終了しました,クローズ成功,FALSE
其他,他の,その他,FALSE
其他作业,その他の宿題,その他作業,FALSE
其他费用格式不正确,その他の経費の形式が正しくありません,その他費用の形式が不正です,FALSE
冻结,フリーズする,凍結,FALSE
出入库作业,インバウンドおよびアウトバウンド業務,入出庫作業,FALSE
出入库历史,インバウンドとアウトバウンドの履歴,入出庫履歴,FALSE
出库,倉庫から出た,出庫,FALSE
出库 export function stockOutCreate(data),倉庫から出た エクスポート関数stockOutCreate(data),出庫 エクスポート関数 stockOutCreate(data),FALSE
出库业务,アウトバウンド事業,出庫業務,FALSE
出库仓库,出荷倉庫,出庫倉庫,FALSE
出库任务 export function stockOutOrdersList(params),アウトバウンドタスク エクスポート関数stockOutOrdersList(params),出庫タスク エクスポート関数 stockOutOrdersList(params),FALSE
出库任务提醒,アウトバウンドタスクリマインダー,出庫タスク通知,FALSE
出库任务提醒 export function stockOutList(params),アウトバウンドタスクリマインダー エクスポート関数stockOutList(params),出庫タスク通知 エクスポート関数 stockOutList(params),FALSE
出库创建,アウトバウンド作成,出庫登録,FALSE
出库剩余数量,残り出荷数量,出庫残数量,FALSE
出库单,アウトバウンド注文,出庫伝票,FALSE
出库完成状态,アウトバウンド完了ステータス,出庫完了状態,FALSE
出库总数,総出荷数,出庫総数,FALSE
出库数量,出荷数量,出庫数量,FALSE
出库类型,アウトバウンド型,出庫タイプ,FALSE
出库编号,配送番号,出庫番号,FALSE
出库记录,アウトバウンドレコード,出庫記録,FALSE
出库记录 export function stockOutRecordsList(params),アウトバウンドレコード エクスポート関数stockOutRecordsList(params),出庫記録 エクスポート関数 stockOutRecordsList(params),FALSE
出库记录作废,送信レコードが無効です,出庫記録無効,FALSE
出库记录作废 export function stockOutOrdersVoid(data),送信レコードが無効です エクスポート関数stockOutOrdersVoid(data),出庫記録無効 エクスポート関数 stockOutOrdersVoid(data),FALSE
出库记录详情,送信レコードの詳細,出庫記録詳細,FALSE
出库记录详情 export function stockOutRecordDetail(params),送信レコードの詳細 エクスポート関数stockOutRecordDetail(params),出庫記録詳細 エクスポート関数 stockOutRecordDetail(params),FALSE
出库通知单,アウトバウンド通知,出庫通知,FALSE
出库通知单号,アウトバウンド通知番号,出庫通知番号,FALSE
出库通知单据,アウトバウンド通知文書,出庫通知伝票,FALSE
出库通知单据 export function stockOutOrderDetail(params),アウトバウンド通知文書 エクスポート関数stockOutOrderDetail(params),出庫通知伝票 エクスポート関数 stockOutOrderDetail(params),FALSE
出库通知单详情,アウトバウンド通知の詳細,出庫通知詳細,FALSE
出错,エラー,エラー発生,FALSE
分类,分類,カテゴリ,FALSE
分类名称,カテゴリ名,分類名,FALSE
创建人,クリエイター,作成者,FALSE
创建成功,正常に作成されました,作成成功,FALSE
初期余额格式不正确,初期残高形式が正しくありません,初期残高の形式が不正です,FALSE
初期欠款金额,当初の未払い額,初期未払金額,FALSE
初期欠款金额(元),当初負債額（元）,初期未払金額（円）,FALSE
初期欠款金额格式不正确,当初の負債額の形式が間違っています,初期未払金額の形式が不正です,FALSE
删除成功,正常に削除されました,削除成功,FALSE
判断是否需要安装CLodop云打印服务器,CLodop クラウド印刷サーバーをインストールする必要があるかどうかを判断する,CLodopクラウド印刷サーバーのインストール必要性確認,FALSE
别名，需要的格式：,エイリアス、必要な形式:,別名、必要な形式：,FALSE
剩余数量,残量,残数量,FALSE
功能配置,機能構成,機能設定,FALSE
北京XXXXX公司,北京○○○○会社,北京XXXXX会社,FALSE
升级后请刷新页面。,アップグレード後はページを更新してください。,アップグレード後はページを更新してください,FALSE
升级后请重新进入。,アップグレード後に再入力してください。,アップグレード後は再アクセスしてください,FALSE
单位,ユニット,単位,FALSE
单位名称,ユニット名,単位名,FALSE
单位管理,ユニット管理,単位管理,FALSE
单号,注文番号,伝票番号,FALSE
单据字头,文書の接頭辞,伝票ヘッダー,FALSE
占用,占める,占有,FALSE
占用率,稼働率,使用率,FALSE
原料入库,原料倉庫,原料入庫,FALSE
原料出入库明细,原材料の出入りの詳細,原料入出庫明細,FALSE
原料出库,原材料の配送,原料出庫,FALSE
原料字典,原材料辞典,原料マスタ,FALSE
原料字典导入,原材料辞書インポート,原料マスタインポート,FALSE
原料字典模板,原材料辞書テンプレート,原料マスタテンプレート,FALSE
原料库存,原材料在庫,原料在庫,FALSE
发布工单,作業指示を投稿する,作業指示書発行,FALSE
发布成功,正常に投稿されました,発行成功,FALSE
取消,キャンセル,取消,FALSE
变化之前数量,変更前の数量,変更前数量,FALSE
变化之后数量,変更後の数量,変更後数量,FALSE
变化数量,数量変更,変更数量,FALSE
名称,名前,名称,FALSE
含税金额(元),税込金額（元）,税込金額（円）,FALSE
启用,有効にする,有効化,FALSE
启用保质期,保存期間を有効にする,品質保証期間管理を有効化,FALSE
启用库存警告,在庫警告を有効にする,在庫警告を有効化,FALSE
启用批次控制,バッチ制御を有効にする,ロット管理を有効化,FALSE
员工姓名,社員名,従業員名,FALSE
响应出错,応答エラー,レスポンスエラー,FALSE
图文信息,グラフィック情報,図面情報,FALSE
天,空,日,FALSE
如下空白位置适合调用统一功能(如注册语句、语言选择等),次の空白の位置は、統合機能 (登録ステートメント、言語選択など) を呼び出すのに適しています。,以下の空白位置は統一機能（登録文、言語選択など）の呼び出しに適しています,FALSE
如果此前正常，仅因浏览器升级或重安装而出问题，需重新执行以上安装）,以前は正常だった場合、問題はブラウザのアップグレードまたは再インストールによってのみ発生し、上記のインストールを再実行する必要があります),以前正常でブラウザのアップグレードまたは再インストールのみが原因の場合、上記のインストールを再実行する必要があります,FALSE
如果页面有Lodop就直接使用，没有则新建,ページに Lodop がある場合は、それを直接使用します。そうでない場合は、新しいものを作成します。,ページにLodopがある場合は直接使用し、ない場合は新規作成します,FALSE
姓名,名前,氏名,FALSE
安装后请刷新页面。,インストール後はページを更新してください。,インストール後はページを更新してください,FALSE
安装后请刷新页面或重新进入。,インストール後、ページを更新するか、再度入力してください。,インストール後はページを更新または再アクセスしてください,FALSE
完成,仕上げる,完了,FALSE
完成数量,完成数量,完了数量,FALSE
实付金额(元),実際に支払った金額（元）,実支払金額（円）,FALSE
实收,実際の領収書,実収入,FALSE
实收金额(元),実際に受け取った金額（元）,実受取金額（円）,FALSE
实际总数量,実際の合計数量,実総数量,FALSE
实际数量,実際の数量,実数量,FALSE
实际数量必填,実際に必要な数量,実数量必須,FALSE
客户 export function clientArrearsOption(params),クライアント エクスポート関数 clientArrearsOption(params),顧客 エクスポート関数 clientArrearsOption(params),FALSE
客户 export function clientExport(params),クライアント エクスポート関数 clientExport(params),顧客 エクスポート関数 clientExport(params),FALSE
客户 export function clientList(params),クライアント エクスポート関数 clientList(params),顧客 エクスポート関数 clientList(params),FALSE
客户 export function clientsOption(params),クライアント エクスポート関数 clientOption(params),顧客 エクスポート関数 clientsOption(params),FALSE
客户 export function getClientNumber(params),クライアント エクスポート関数 getClientNumber(params),顧客 エクスポート関数 getClientNumber(params),FALSE
客户列表,顧客リスト,顧客一覧,FALSE
客户编号,お客様番号,顧客コード,FALSE
导入模板,テンプレートをインポート,インポートテンプレート,FALSE
导出,出力,エクスポート,FALSE
导出模板,テンプレートを出力,エクスポートテンプレート,FALSE
导出页面为PDF格式,ページを PDF 形式にエクスポートする,ページをPDF形式でエクスポート,FALSE
导出页面为PDF格式 import html2Canvas from,ページを PDF 形式にエクスポートする html2Canvas をインポートする,ページをPDF形式でエクスポート html2Canvasをインポート,FALSE
已作废,無効化された,無効済み,FALSE
已开启,すでにオンになっています,有効化済み,FALSE
已收到款项,支払いを受け取りました,入金済み,FALSE
已添加过改结算账户,決済口座変更を追加しました,決済口座変更済み,FALSE
已销售价格(元),販売価格（元）,販売価格（円）,FALSE
平均采购价,平均購入価格,平均購買価格,FALSE
序号,シリアルナンバー,連番,FALSE
库位管理,在庫位置管理,ロケーション管理,FALSE
库存,在庫あり,在庫,FALSE
库存上限,在庫制限,在庫上限,FALSE
库存下限,最小在庫数,在庫下限,FALSE
库存总数,総在庫数,在庫総数,FALSE
库存数量,在庫数,在庫数量,FALSE
库存流水,在庫履歴,在庫推移,FALSE
库存流水 export function inventoryFlowsList(params),在庫の流れ エクスポート関数 inventoryFlowsList(params),在庫推移 エクスポート関数 inventoryFlowsList(params),FALSE
库存流水详情,在庫フローの詳細,在庫推移詳細,FALSE
库存流水详情 export function inventoryFlowsDetail(params),在庫フローの詳細 エクスポート関数 inventoryFlowsDetail(params),在庫推移詳細 エクスポート関数 inventoryFlowsDetail(params),FALSE
库存预警 if (data,在庫アラート if (データ,在庫アラート if (data,FALSE
库存预警上限,在庫警告上限値,在庫警告上限,FALSE
库存预警下限,在庫警告下限値,在庫警告下限,FALSE
应付欠款 export function arrearsPayableList(params),延滞金 エクスポート関数 arraysPayableList(params),買掛金 エクスポート関数 arrearsPayableList(params),FALSE
应付欠款详情,債務の詳細,買掛金詳細,FALSE
应付账款,買掛金勘定,買掛金,FALSE
应收,受取可能,売掛金,FALSE
应收欠款 export function arrearsReceivableList(params),売掛金 エクスポート関数 arraysReceivableList(params),売掛金 エクスポート関数 arrearsReceivableList(params),FALSE
应收欠款详情,売掛金の明細,売掛金詳細,FALSE
建筑仓储管理系统,建物倉庫管理システム,建築倉庫管理システム,FALSE
开启,オンにする,有効化,FALSE
开启批次控制的产品,バッチ制御が有効な製品,ロット管理有効商品,FALSE
开启批次控制的产品需要输入批次编号,バッチ制御がオンになっている製品は、バッチ番号を入力する必要があります,ロット管理有効商品はロット番号の入力必須,FALSE
开启批次控制的产品需要选择批次编号,バッチ制御がオンになっている製品は、バッチ番号を選択する必要があります,ロット管理有効商品はロット番号の選択必須,FALSE
开户行,口座開設銀行,取引銀行,FALSE
开户账号,口座開設口座,口座番号,FALSE
引用双端口(8000和18000）避免其中某个被占用：,デュアル ポート (8000 および 18000) を参照して、そのうちの 1 つが占有されないようにします。,二重ポート(8000と18000)を参照し、いずれかが占有されるのを防ぎます,FALSE
引用双端口(8000和18000）避免其中某个被占用： oscript,デュアル ポート (8000 および 18000) を参照して、そのうちの 1 つが占有されないようにします。 スクリプト,二重ポート(8000と18000)を参照し、いずれかが占有されるのを防ぎます oscript,FALSE
往来单位,接点ユニット,取引先,FALSE
往来管理,トランザクション管理,取引管理,FALSE
往来记录,通信記録,取引記録,FALSE
待入库,ストック予定,入庫待ち,FALSE
待出库,発送予定,出庫待ち,FALSE
待出库数量,出荷する数量,出庫予定数量,FALSE
待办事项,やることリスト,未処理事項,FALSE
微信交流群,WeChatコミュニケーショングループ,WeChat連絡グループ,FALSE
总计金额(元),合計金額（元）,合計金額（円）,FALSE
总金额,一時金,総金額,FALSE
您有,あなたが持っている,未処理,FALSE
成品入库,完成品倉庫,製品入庫,FALSE
成品出入库明细,完成品の入口と出口の詳細,製品入出庫明細,FALSE
成品出库,完成品のお届け,製品出庫,FALSE
成品字典,完成した辞書,製品マスタ,FALSE
成品字典导入,辞書のインポートが完了しました,製品マスタインポート,FALSE
成品字典模板,完成した辞書テンプレート,製品マスタテンプレート,FALSE
成品库存,完成品在庫,製品在庫,FALSE
所有仓库,すべての倉庫,全倉庫,FALSE
手机号,携帯電話番号,携帯番号,FALSE
手续费支付方,料金支払者,手数料負担者,FALSE
手续费金额(元),手数料金額（元）,手数料金額（円）,FALSE
手续费金额格式不正确,手数料金額の形式が間違っています,手数料金額の形式が不正です,FALSE
打印,印刷する,印刷,FALSE
打印控件未安装,印刷コントロールがインストールされていません,印刷コントロール未インストール,FALSE
打印控件需要升级,印刷制御をアップグレードする必要がある,印刷コントロールのアップグレード必要,FALSE
执行升级,アップグレードを実行する,アップグレード実行,FALSE
执行安装,インストールを実行する,インストール実行,FALSE
扩展】中先卸它）,拡張機能】先にアンインストールしてください）,拡張機能】先にアンインストールしてください,FALSE
批,バッチ,ロット,FALSE
批次,バッチ,ロット,FALSE
批次 export function batchsOption(params),バッチ エクスポート関数batchesOption(params),ロット エクスポート関数 batchsOption(params),FALSE
批次剩余数量,バッチの残量,ロット残数量,FALSE
批次报表 export function batchsReportList(params),バッチレポート エクスポート関数バッチReportList(params),ロットレポート エクスポート関数 batchsReportList(params),FALSE
批次控制,バッチ制御,ロット管理,FALSE
批次数量,バッチ数量,ロット数量,FALSE
报表,報告,レポート,FALSE
报表统计,レポート集計,レポート統計,FALSE
抱歉，您无权访问此页面,申し訳ありませんが、このページにアクセスする権限がありません,申し訳ありませんが、このページへのアクセス権限がありません,FALSE
拥有权限,許可を得る,権限所有,FALSE
按库存生产,仕込んで在庫を確保する,在庫生産,FALSE
按订单生产,オーダーメイド,受注生産,FALSE
插件未安装时提示下载地址,プラグインがインストールされていない場合のダウンロード アドレスのプロンプト,プラグイン未インストール時のダウンロードURL表示,FALSE
操作,操作する,操作,FALSE
操作快捷入口,操作クイックエントリー,操作クイックアクセス,FALSE
支付宝,アリペイ,Alipay,FALSE
收入,所得,収入,FALSE
收支单据,領収書と支払い,収支伝票,FALSE
收支类型,収支の種類,収支タイプ,FALSE
收支项目 export function revenueExpenditureItemsExport(params),収支内訳 エクスポート関数収益ExpenditureItemsExport(params),収支項目 エクスポート関数 revenueExpenditureItemsExport(params),FALSE
收支项目 export function revenueExpenditureItemsList(params),収支内訳 エクスポート関数収益ExpenditureItemsList(params),収支項目 エクスポート関数 revenueExpenditureItemsList(params),FALSE
收支项目列表,収入支出項目一覧,収支項目一覧,FALSE
收支项目导入,収入支出項目の輸入,収支項目インポート,FALSE
收支项目导入 export function revenueExpenditureItemsImport(data),収入支出項目の輸入 エクスポート関数収益ExpenditureItemsImport(データ),収支項目インポート エクスポート関数 revenueExpenditureItemsImport(data),FALSE
收支项目模板 export function revenueExpenditureItemsTemplate(params),収支項目テンプレート エクスポート関数収益ExpenditureItemsTemplate(params),収支項目テンプレート エクスポート関数 revenueExpenditureItemsTemplate(params),FALSE
收款 export function collectionOrdersList(params),コレクション エクスポート関数 collectionOrdersList(params),入金 エクスポート関数 collectionOrdersList(params),FALSE
收款业务,回収事業,入金業務,FALSE
收款单,回収票,入金伝票,FALSE
收款单 export function getCollectionOrderNumber(params),回収票 エクスポート関数 getCollectionOrderNumber(params),入金伝票 エクスポート関数 getCollectionOrderNumber(params),FALSE
收款单创建,払込票の作成,入金伝票作成,FALSE
收款单据,領収書,入金伝票,FALSE
收款单详情,払込票詳細,入金伝票詳細,FALSE
收款新增,新しい支払いの徴収,入金新規登録,FALSE
收款新增 export function collectionOrderCreate(data),新しい支払いの徴収 エクスポート関数 collectionOrderCreate(data),入金新規登録 エクスポート関数 collectionOrderCreate(data),FALSE
收款编号,受付番号,入金番号,FALSE
收款记录作废,支払記録が無効です,入金記録無効,FALSE
收款记录作废 export function collectionOrdersVoid(data),支払記録が無効です エクスポート関数 collectionOrdersVoid(data),入金記録無効 エクスポート関数 collectionOrdersVoid(data),FALSE
收款详情,お支払い詳細,入金詳細,FALSE
收款详情 export function collectioOrderDetail(params),お支払い詳細 エクスポート関数 collectionioOrderDetail(params),入金詳細 エクスポート関数 collectionOrderDetail(params),FALSE
收款金额,支払金額,入金金額,FALSE
收款金额(元),支払金額（元）,入金金額（円）,FALSE
收款金额合计：,お支払い総額:,入金金額合計：,FALSE
数据统计,統計,データ統計,FALSE
数量,量,数量,FALSE
整单折扣,全注文割引,全伝票割引,FALSE
新增,新規追加,新規登録,FALSE
新增产品,製品を追加,商品新規登録,FALSE
新增产品信息,製品情報を追加,商品情報新規登録,FALSE
新增产品分类,製品分類を追加,商品分類新規登録,FALSE
新增产品单位,製品単位を追加,商品単位新規登録,FALSE
新增仓库,倉庫を追加,倉庫新規登録,FALSE
新增付款单,支払伝票を追加,支払伝票新規登録,FALSE
新增供应商,仕入先を追加,仕入先新規登録,FALSE
新增入库单,入庫伝票を追加,入庫伝票新規登録,FALSE
新增出库单,出庫伝票を追加,出庫伝票新規登録,FALSE
新增分类,分類を追加,分類新規登録,FALSE
新增单位,単位を追加,単位新規登録,FALSE
新增客户,顧客を追加,顧客新規登録,FALSE
新增成功,正常に追加されました,新規登録成功,FALSE
新增收支项目,収支項目を追加,収支項目新規登録,FALSE
新增收款单,入金伝票を追加,入金伝票新規登録,FALSE
新增日常收支,日常収支を追加,日常収支新規登録,FALSE
新增生产任务,生産タスクを追加,生産タスク新規登録,FALSE
新增生产计划,生産計画を追加,生産計画新規登録,FALSE
新增盘点,棚卸を追加,棚卸新規登録,FALSE
新增结算账户,決済口座を追加,決済口座新規登録,FALSE
新增角色,ロールを追加,ロール新規登録,FALSE
新增调拨,在庫移動を追加,在庫振替新規登録,FALSE
新增账号,アカウントを追加,アカウント新規登録,FALSE
新增账户转账,口座振替を追加,口座振替新規登録,FALSE
新增采购订单,仕入注文を追加,購買注文新規登録,FALSE
新增采购退货,仕入返品を追加,購買返品新規登録,FALSE
新增销售订单,販売注文を追加,販売注文新規登録,FALSE
新增销售退货,販売返品を追加,販売返品新規登録,FALSE
新增附件,添付ファイルを追加,添付ファイル新規登録,FALSE
新密码,新しいパスワード,新パスワード,FALSE
无库存,在庫切れ,在庫なし,FALSE
日常收支 export function chargeOrdersList(params),毎日の収入と支出 エクスポート関数chargeOrdersList(params),日常収支 エクスポート関数 chargeOrdersList(params),FALSE
日常收支 export function getChargeOrderNumber(params),毎日の収入と支出 エクスポート関数 getChargeOrderNumber(params),日常収支 エクスポート関数 getChargeOrderNumber(params),FALSE
日常收支新增,日々の収入と支出を加算,日常収支新規登録,FALSE
日常收支新增 export function chargeOrderCreate(data),日々の収入と支出を加算 エクスポート関数chargeOrderCreate(data),日常収支新規登録 エクスポート関数 chargeOrderCreate(data),FALSE
日常收支记录作废,毎日の収入と支出の記録は無効です,日常収支記録無効,FALSE
日常收支记录作废 export function chargeOrdersVoid(data),毎日の収入と支出の記録は無効です エクスポート関数chargeOrdersVoid(data),日常収支記録無効 エクスポート関数 chargeOrdersVoid(data),FALSE
日常采购,毎日の買い物,日常購買,FALSE
日常采购 export function getPurchaseNumber(params),毎日の買い物 エクスポート関数 getPurchaseNumber(params),日常購買 エクスポート関数 getPurchaseNumber(params),FALSE
旧密码,以前のパスワード,旧パスワード,FALSE
暂无数据,まだデータがありません,データなし,FALSE
更新,更新する,更新,FALSE
更新 export function configUpdate(data),更新する エクスポート関数 configUpdate(data),更新 エクスポート関数 configUpdate(data),FALSE
替换别名,エイリアスを置換する,別名置換,FALSE
替换别名 rows,エイリアスを置換する 行,別名置換 rows,FALSE
最低采购价,最低購入価格,最低購買価格,FALSE
最高采购价,最大購入価格,最高購買価格,FALSE
最高销售价,最大販売価格,最高販売価格,FALSE
有,持っている,あり,FALSE
期初库存,インベントリの開始,期首在庫,FALSE
未开启,電源が入っていない,無効,FALSE
未收到款项,支払いは受領されませんでした,未入金,FALSE
未添加产品,商品は追加されていません,商品未登録,FALSE
本单欠款(元),この注文の未払い金額 (元),本伝票未払金額（円）,FALSE
条,ストリップ,件,FALSE
查看,チェック,表示,FALSE
查看批次,バッチを表示する,ロット表示,FALSE
模板下载,テンプレートのダウンロード,テンプレートダウンロード,FALSE
欠款状态,延滞状況,未払い状況,FALSE
欠款金额(元),借入額（元）,未払金額（円）,FALSE
正常,普通,正常,FALSE
没准备好，请稍后再试！,準備ができていません。後でもう一度お試しください。,準備ができていません。後でもう一度お試しください,FALSE
注意：如曾安装过Lodop旧版附件npActiveXPLugin,注: 古い Lodop アドオン npActiveXPLugin をインストールしている場合,注意：以前にLodop旧版アドオンnpActiveXPLuginをインストールした場合,FALSE
流水类型,パイプラインの種類,明細タイプ,FALSE
添加产品,製品を追加,商品追加,FALSE
添加成功,正常に追加されました,追加成功,FALSE
添加结算账户,請求先アカウントを追加する,決済口座追加,FALSE
激活,アクティベーション,有効化,FALSE
激活入库,ストレージをアクティブ化する,入庫有効化,FALSE
激活出库,アウトバウンドをアクティブ化する,出庫有効化,FALSE
激活后无需到库存管理页面手动确认入库。,アクティベーション後、在庫管理ページに移動して手動でストレージを確認する必要はありません。,有効化後は在庫管理ページで手動入庫確認は不要,FALSE
激活后无需到库存管理页面手动确认出库。,有効化後は、在庫管理ページに移動して出荷を手動で確認する必要はありません。,有効化後は在庫管理ページで手動出庫確認は不要,FALSE
激活状态,アクティブ状態,有効状態,FALSE
物料选择,材料の選択,資材選択,FALSE
现付金额(元),現金で支払った金額（元）,現金支払金額（円）,FALSE
现收金额(元),現金で受け取った金額（元）,現金受取金額（円）,FALSE
生产单号,製造指図番号,生産指示番号,FALSE
生产数量,生産量,生産数量,FALSE
生产计划 export function productionOrderList(params),生産計画 エクスポート関数productionOrderList(params),生産計画 エクスポート関数 productionOrderList(params),FALSE
生产记录,製作実績,生産実績,FALSE
生产记录 export function productionRecordList(params),製作実績 エクスポート関数productionRecordList(params),生産実績 エクスポート関数 productionRecordList(params),FALSE
生成条形码,バーコードの生成,バーコード生成,FALSE
男,男,男性,FALSE
登录后请修改密码,ログイン後、パスワードを変更してください,ログイン後パスワードを変更してください,FALSE
盘点 export function stockCheckCreate(data),在庫 エクスポート関数stockCheckCreate(data),棚卸 エクスポート関数 stockCheckCreate(data),FALSE
盘点 export function stockCheckOrdersList(params),在庫 エクスポート関数stockCheckOrdersList(params),棚卸 エクスポート関数 stockCheckOrdersList(params),FALSE
盘点业务,在庫事業,棚卸業務,FALSE
盘点创建,インベントリの作成,棚卸登録,FALSE
盘点单,在庫シート,棚卸伝票,FALSE
盘点单 export function getStockCheckOrderNumber(params),在庫シート エクスポート関数 getStockCheckOrderNumber(params),棚卸伝票 エクスポート関数 getStockCheckOrderNumber(params),FALSE
盘点单号,在庫注文番号,棚卸伝票番号,FALSE
盘点单详情,在庫注文の詳細,棚卸伝票詳細,FALSE
盘点状态,在庫状況,棚卸状況,FALSE
盘点编号,在庫数,棚卸番号,FALSE
盘点记录作废,在庫レコードが無効です,棚卸記録無効,FALSE
盘点记录作废 export function stockCheckOrdersVoid(data),在庫レコードが無効です エクスポート関数stockCheckOrdersVoid(data),棚卸記録無効 エクスポート関数 stockCheckOrdersVoid(data),FALSE
盘点详情,在庫詳細,棚卸詳細,FALSE
盘盈总数量,利益総額,棚卸超過総数量,FALSE
盘盈总金额,利益総額,棚卸超過総金額,FALSE
确定,もちろん,確定,FALSE
确定作废吗,本当に無効ですか?,本当に無効にしますか?,FALSE
确定发布吗,必ず公開しますか?,本当に発行しますか?,FALSE
确认密码,パスワードを認証する,パスワード確認,FALSE
禁用,無効にする,無効化,FALSE
移除,取り除く,削除,FALSE
立即开始,今すぐ始めましょう,すぐに開始,FALSE
等级,学年,等級,FALSE
等级价一(元),レベル価格 1 (元),等級価格1（円）,FALSE
等级价三(元),レベル価格 3 (元),等級価格3（円）,FALSE
等级价二(元),レベル価格 2 (元),等級価格2（円）,FALSE
管理批次,バッチを管理する,ロット管理,FALSE
系统配置 export function configInfo(params),システム構成 エクスポート関数 configInfo(params),システム設定 エクスポート関数 configInfo(params),FALSE
经手人,ハンドラ,担当者,FALSE
经手日期,取引日,処理日,FALSE
结算账户 export function settlementAccountExport(params),決済口座 エクスポート関数paymentAccountExport(params),決済口座 エクスポート関数 settlementAccountExport(params),FALSE
结算账户 export function settlementAccountList(params),決済口座 エクスポート関数paymentAccountList(params),決済口座 エクスポート関数 settlementAccountList(params),FALSE
结算账户导入 export function settlementAccountImport(data),決済口座インポート エクスポート関数paymentAccountImport(data),決済口座インポート エクスポート関数 settlementAccountImport(data),FALSE
结算账户模板 export function settlementAccountTemplate(params),決済口座テンプレート エクスポート関数paymentAccountTemplate(params),決済口座テンプレート エクスポート関数 settlementAccountTemplate(params),FALSE
结算项目 export function chargeItemsOption(params),決済項目 エクスポート関数chargeItemsOption(params),決済項目 エクスポート関数 chargeItemsOption(params),FALSE
统计合计 let totalQuantity,統計合計 合計数量をみましょう,統計合計 let totalQuantity,FALSE
统计合计 let totalAmount,統計合計 合計金額をみましょう,統計合計 let totalAmount,FALSE
统计合计 let totalQuantity,統計合計 合計数量をみましょう,統計合計 let totalQuantity,FALSE
编号,番号,コード,FALSE
编号批次,番号付きバッチ,コード付きロット,FALSE
编辑产品信息,製品情報を編集する,商品情報編集,FALSE
编辑产品分类,製品カテゴリを編集する,商品分類編集,FALSE
编辑产品单位,製品単位の編集,商品単位編集,FALSE
编辑仓库,リポジトリの編集,倉庫編集,FALSE
编辑供应商,サプライヤーの編集,仕入先編集,FALSE
编辑客户,顧客の編集,顧客編集,FALSE
编辑收支项目,収入と支出の項目を編集する,収支項目編集,FALSE
编辑日常收支,毎日の収入と支出を編集する,日常収支編集,FALSE
编辑生产计划,生産計画の編集,生産計画編集,FALSE
编辑结算账户,請求先アカウントを編集する,決済口座編集,FALSE
编辑角色,役割の編集,ロール編集,FALSE
编辑账号,アカウントの編集,アカウント編集,FALSE
编辑账户转账,アカウント転送の編集,口座振替編集,FALSE
联系人,連絡担当者,連絡先,FALSE
获取LODOP对象的主过程：,LODOP オブジェクトを取得する主なプロセスは次のとおりです。,LODOPオブジェクト取得の主な手順：,FALSE
装箱清单,包装内容明細書,梱包明細書,FALSE
装箱清单原料,パッキングリストの成分,梱包明細書原料,FALSE
角色,役割,ロール,FALSE
角色权限,役割の権限,ロール権限,FALSE
计划开始时间,開始予定時刻,計画開始時間,FALSE
计划数量,予定数量,計画数量,FALSE
计划结束时间,終了予定時刻,計画終了時間,FALSE
订单收款明细,注文の支払い詳細,注文入金明細,FALSE
订单收款明细 export function salesPaymentRecord(params),注文の支払い詳細 エクスポート関数 salesPaymentRecord(params),注文入金明細 エクスポート関数 salesPaymentRecord(params),FALSE
设置密码,パスワードを設定する,パスワード設定,FALSE
设置成功,セットアップ成功,設定成功,FALSE
请先安装Lodop,まず Lodop をインストールしてください,まずLodopをインストールしてください,FALSE
请先选择仓库！,最初に倉庫を選択してください。,まず倉庫を選択してください,FALSE
请先选择出库仓库！,最初に出荷倉庫を選択してください。,まず出庫倉庫を選択してください,FALSE
请再次输入新密码,新しいパスワードをもう一度入力してください,新しいパスワードを再入力してください,FALSE
请在【工具】,[ツール]にアクセスしてください。,【ツール】で,FALSE
请将批次信息填写完整,バッチ情報を完全に入力してください,ロット情報を完全に入力してください,FALSE
请扫描产品条码,製品のバーコードをスキャンしてください,商品バーコードをスキャンしてください,FALSE
请输入产品名称,製品名を入力してください,商品名を入力してください,FALSE
请输入产品数量,製品数量を入力してください,商品数量を入力してください,FALSE
请输入产品编号,製品番号を入力してください,商品コードを入力してください,FALSE
请输入仓库编号,倉庫番号を入力してください,倉庫コードを入力してください,FALSE
请输入入出库数量,入庫数量と出庫数量を入力してください,入出庫数量を入力してください,FALSE
请输入入库数量,倉庫数量を入力してください,入庫数量を入力してください,FALSE
请输入公司编号,会社番号を入力してください,会社コードを入力してください,FALSE
请输入分类名称,カテゴリ名を入力してください,分類名を入力してください,FALSE
请输入单位名称,組織名を入力してください,単位名を入力してください,FALSE
请输入名称,名前を入力してください,名称を入力してください,FALSE
请输入姓名,名前を入力してください,氏名を入力してください,FALSE
请输入实收,実際の領収書を入力してください,実収入を入力してください,FALSE
请输入手机号,携帯電話番号を入力してください,携帯番号を入力してください,FALSE
请输入收支项目,収入と支出の項目を入力してください,収支項目を入力してください,FALSE
请输入新密码,新しいパスワードを入力してください,新パスワードを入力してください,FALSE
请输入旧密码,古いパスワードを入力してください,旧パスワードを入力してください,FALSE
请输入编号,番号を入力してください,コードを入力してください,FALSE
请输入计划数量,予定数量を入力してください,計画数量を入力してください,FALSE
请输入账户名称,アカウント名を入力してください,口座名を入力してください,FALSE
请输入转账金额,送金額を入力してください,振込金額を入力してください,FALSE
请输入退货单编号,返品注文番号を入力してください,返品伝票番号を入力してください,FALSE
请输选择性别,性別を入力して選択してください,性別を選択してください,FALSE
请选择供应商,サプライヤーを選択してください,仕入先を選択してください,FALSE
请选择入库仓库,保管倉庫を選択してください,入庫倉庫を選択してください,FALSE
请选择出库仓库,出荷倉庫を選択してください,出庫倉庫を選択してください,FALSE
请选择客户,お客様を選択してください,顧客を選択してください,FALSE
请选择收支类型,お支払いタイプを選択してください,収支タイプを選択してください,FALSE
请选择收支项目,収入と支出の項目を選択してください,収支項目を選択してください,FALSE
请选择生产产品,生産品を選択してください,生産商品を選択してください,FALSE
请选择经手人,ハンドラーを選択してください,担当者を選択してください,FALSE
请选择转入账户,振込口座を選択してください,振込先口座を選択してください,FALSE
请选择转出时间,乗り換え時間を選択してください,振出日時を選択してください,FALSE
请选择转出账户,振込口座を選択してください,振出元口座を選択してください,FALSE
请重新登录,再度ログインしてください,再ログインしてください,FALSE
调拨,在庫移動,在庫振替,FALSE
调拨 export function stockTransferCreate(data),移行 エクスポート関数stockTransferCreate(data),在庫振替 エクスポート関数 stockTransferCreate(data),FALSE
调拨 export function stockTransferOrdersList(params),移行 エクスポート関数stockTransferOrdersList(params),在庫振替 エクスポート関数 stockTransferOrdersList(params),FALSE
调拨业务,譲渡事業,在庫振替業務,FALSE
调拨创建,転送の作成,在庫振替登録,FALSE
调拨单,転送命令,在庫振替伝票,FALSE
调拨单 export function getStockTransferOrderNumber(params),転送命令 エクスポート関数 getStockTransferOrderNumber(params),在庫振替伝票 エクスポート関数 getStockTransferOrderNumber(params),FALSE
调拨单号,ダイヤル番号,在庫振替番号,FALSE
调拨单据,譲渡書類,在庫振替伝票,FALSE
调拨单详情,転送注文の詳細,在庫振替伝票詳細,FALSE
调拨数量,転送数量,振替数量,FALSE
调拨数量必填,必要な転送数量,振替数量必須,FALSE
调拨编号,転送番号,在庫振替コード,FALSE
调拨记录作废,転送記録が無効です,在庫振替記録無効,FALSE
调拨记录作废 export function stockTransferOrdersVoid(data),転送記録が無効です エクスポート関数stockTransferOrdersVoid(data),在庫振替記録無効 エクスポート関数 stockTransferOrdersVoid(data),FALSE
调拨详情,転送詳細,在庫振替詳細,FALSE
调拨详情 export function stockCheckDetail(params),転送詳細 エクスポート関数stockCheckDetail(params),在庫振替詳細 エクスポート関数 stockCheckDetail(params),FALSE
调拨详情 export function stockTransferDetail(params),転送詳細 エクスポート関数stockTransferDetail(params),在庫振替詳細 エクスポート関数 stockTransferDetail(params),FALSE
账单信息,請求情報,請求書情報,FALSE
账户余额(元),口座残高（元）,口座残高（円）,FALSE
账户名称,アカウント名,口座名,FALSE
账户类型,アカウントの種類,口座タイプ,FALSE
账户转账新增,口座振替を追加しました,口座振替新規登録,FALSE
账户转账新增 export function accountTransferOrderCreate(data),口座振替を追加しました エクスポート関数 accountTransferOrderCreate(data),口座振替新規登録 エクスポート関数 accountTransferOrderCreate(data),FALSE
账户转账记录作废,口座振替記録が無効になった,口座振替記録無効,FALSE
账户转账记录作废 export function accountTransferOrdersVoid(data),口座振替記録が無効になった エクスポート関数 accountTransferOrdersVoid(data),口座振替記録無効 エクスポート関数 accountTransferOrdersVoid(data),FALSE
账面总数量,書籍の合計金額,帳簿総数量,FALSE
资金流水,資金履歴,資金明細,FALSE
资金流水 export function financeFlowsList(params),資本の流れ エクスポート関数 FinanceFlowsList(params),資金明細 エクスポート関数 financeFlowsList(params),FALSE
资金流水详情,資金の流れの詳細,資金明細詳細,FALSE
资金流水详情 export function financeFlowDetail(params),資金の流れの詳細 エクスポート関数 FinanceFlowDetail(params),資金明細詳細 エクスポート関数 financeFlowDetail(params),FALSE
超出最大长度 (256),最大長を超えました (256),最大長を超えています（256）,FALSE
超出最大长度 (32),最大長を超えました (32),最大長を超えています（32）,FALSE
超出最大长度 (64),最大長を超えました (64),最大長を超えています（64）,FALSE
转入时间,乗り換え時間,振込日時,FALSE
转入账户,振込口座,振込先口座,FALSE
转入账户支付,口座に送金して支払います,振込先口座支払,FALSE
转出时间,転送時間,振出日時,FALSE
转出账户,口座振替,振出元口座,FALSE
转出账户支付,口座振替によるお支払い,振出元口座支払,FALSE
转账金额(元),送金額（元）,振込金額（円）,FALSE
转账金额格式不正确,送金額の形式が間違っています,振込金額の形式が不正です,FALSE
输入查询,クエリを入力してください,検索入力,FALSE
过期日期,有効期限,期限切れ日,FALSE
近30天,過去 30 日間,過去30日間,FALSE
近一年,ほぼ1年,過去1年間,FALSE
进销存管理系统,仕入・販売・在庫管理システム,購買・販売・在庫管理システム,FALSE
连接被拒绝，请检查服务器是否启动,接続が拒否されました。サーバーが起動しているかどうかを確認してください,接続が拒否されました。サーバーが起動しているか確認してください,FALSE
退款金额,返金額,返金金額,FALSE
退货单价(元),返品単価（元）,返品単価（円）,FALSE
退货单价和销退货数量必填,返品単価と売上返品数量が必要です。,返品単価と返品数量は必須,FALSE
退货单价退货数量必填,返品単価 必要な返品数量,返品単価と返品数量は必須,FALSE
退货单编号,返品注文番号,返品伝票番号,FALSE
退货总数量,返品された合計数量,返品総数量,FALSE
退货总金额,還元総額,返品総金額,FALSE
退货编号,戻り番号,返品コード,FALSE
退货记录 export function purchaseReturnOrdersList(params),返却記録 エクスポート関数 PurchaseReturnOrdersList(params),返品記録 エクスポート関数 purchaseReturnOrdersList(params),FALSE
退货记录作废,返されるレコードが無効です,返品記録無効,FALSE
退货记录作废 export function purchaseReturnOrdersVoid(data),返されるレコードが無効です エクスポート関数 PurchaseReturnOrdersVoid(data),返品記録無効 エクスポート関数 purchaseReturnOrdersVoid(data),FALSE
退货记录详情,戻りレコードの詳細,返品記録詳細,FALSE
退货记录详情 export function purchaseReturnOrderDetail(params),戻りレコードの詳細 エクスポート関数 PurchaseReturnOrderDetail(params),返品記録詳細 エクスポート関数 purchaseReturnOrderDetail(params),FALSE
选择,選ぶ,選択,FALSE
选择产品,製品を選択してください,商品を選択,FALSE
邮箱,郵便,メールアドレス,FALSE
部署用的后端,デプロイメント用のバックエンド,デプロイ用バックエンド,FALSE
采购价,購入価格,購買価格,FALSE
采购价(元),購入価格（元）,購買価格（円）,FALSE
采购价格,購入価格,購買価格,FALSE
采购价格(元),購入価格（元）,購買価格（円）,FALSE
采购入库,調達と保管,購買入庫,FALSE
采购单,注文書,購買伝票,FALSE
采购单 export function getPurchaseOrderNumber(params),注文書 エクスポート関数 getPurchaseOrderNumber(params),購買伝票 エクスポート関数 getPurchaseOrderNumber(params),FALSE
采购单价,購入単価,購買単価,FALSE
采购单价(元),購入単価（元）,購買単価（円）,FALSE
采购单价和采购数量必填,購入単価と購入数量は必須です,購買単価と購買数量は必須,FALSE
采购单原料,発注書の原材料,購買伝票原料,FALSE
采购单号,注文書番号,購買伝票番号,FALSE
采购单据,購入書類,購買伝票,FALSE
采购单据 export function purchaseOrdersOption(params),購入書類 エクスポート関数 PurchaseOrdersOption(params),購買伝票 エクスポート関数 purchaseOrdersOption(params),FALSE
采购单编号,注文書番号,購買伝票番号,FALSE
采购单详情,注文書の詳細,購買伝票詳細,FALSE
采购对账单,購入明細書,購買明細書,FALSE
采购开单,仕入伝票作成,購買伝票作成,FALSE
采购开单 export function purchaseOrderCreate(data),購入請求 エクスポート関数 PurchaseOrderCreate(data),購買伝票作成 エクスポート関数 purchaseOrderCreate(data),FALSE
采购总数量,合計購入数量,購買総数量,FALSE
采购总金额,購入総額,購買総金額,FALSE
采购总金额(元),購入総額（元）,購買総金額（円）,FALSE
采购报表,仕入レポート,購買レポート,FALSE
采购报表 export function purchaseReportStatistics(params),購入レポート エクスポート関数 PurchaseReportStatistics(params),購買レポート エクスポート関数 purchaseReportStatistics(params),FALSE
采购报表按产品汇总,製品ごとにまとめた購買レポート,商品別購買レポート集計,FALSE
采购报表按产品汇总 export function purchaseReportByGoodsList(params),製品ごとにまとめた購買レポート エクスポート関数 PurchaseReportByGoodsList(params),商品別購買レポート集計 エクスポート関数 purchaseReportByGoodsList(params),FALSE
采购报表明细,購入レポート詳細,購買レポート明細,FALSE
采购报表明细 export function purchaseReportDetialsList(params),購入レポート詳細 エクスポート関数 PurchaseReportDetialsList(params),購買レポート明細 エクスポート関数 purchaseReportDetailsList(params),FALSE
采购支出明细,購入支出の詳細,購買支出明細,FALSE
采购支出明细 export function purchasePaymentRecord(params),購入支出の詳細 エクスポート関数 PurchasePaymentRecord(params),購買支出明細 エクスポート関数 purchasePaymentRecord(params),FALSE
采购数量,購入数量,購買数量,FALSE
采购明细,購入詳細,購買明細,FALSE
采购次数,購入回数,購買回数,FALSE
采购管理,仕入管理,購買管理,FALSE
采购编号,購入番号,購買コード,FALSE
采购订单,注文書,購買注文,FALSE
采购记录,仕入記録,購買記録,FALSE
采购记录 export function purchaseOrderList(params),購入履歴 エクスポート関数 PurchaseOrderList(params),購買記録 エクスポート関数 purchaseOrderList(params),FALSE
采购记录作废,購入記録が無効です,購買記録無効,FALSE
采购记录作废 export function purchaseOrdersVoid(data),購入記録が無効です エクスポート関数 PurchaseOrdersVoid(data),購買記録無効 エクスポート関数 purchaseOrdersVoid(data),FALSE
采购记录详情,購入履歴詳細,購買記録詳細,FALSE
采购记录详情 export function purchaseOrderDetail(params),購入履歴詳細 エクスポート関数 PurchaseOrderDetail(params),購買記録詳細 エクスポート関数 purchaseOrderDetail(params),FALSE
采购退款明细,購入時の払い戻しの詳細,購買返金明細,FALSE
采购退款明细 export function purchaseReturnPaymentRecord(params),購入時の払い戻しの詳細 エクスポート関数 PurchaseReturnPaymentRecord(params),購買返金明細 エクスポート関数 purchaseReturnPaymentRecord(params),FALSE
采购退货,仕入返品,購買返品,FALSE
采购退货单,購入返品フォーム,購買返品伝票,FALSE
采购退货单 export function getPurchaseReturnOrderNumber(params),購入返品フォーム エクスポート関数 getPurchaseReturnOrderNumber(params),購買返品伝票 エクスポート関数 getPurchaseReturnOrderNumber(params),FALSE
采购退货单 export function purchaseReturnOrderCreate(data),購入返品フォーム エクスポート関数 PurchaseReturnOrderCreate(data),購買返品伝票 エクスポート関数 purchaseReturnOrderCreate(data),FALSE
采购退货单号,購入返品注文番号,購買返品伝票番号,FALSE
采购退货单据,購入返品書類,購買返品伝票,FALSE
采购退货单详情,返品注文の詳細を購入する,購買返品伝票詳細,FALSE
采购金额,購入金額,購買金額,FALSE
重置密码,パスワードをリセットする,パスワードリセット,FALSE
金额,額,金額,FALSE
金额(元),金額（元）,金額（円）,FALSE
销售价格(元),販売価格（元）,販売価格（円）,FALSE
销售任务,営業タスク,販売タスク,FALSE
销售任务 export function saleTaskList(params),営業タスク エクスポート関数 saleTaskList(params),販売タスク エクスポート関数 saleTaskList(params),FALSE
销售任务删除,営業タスクを削除する,販売タスク削除,FALSE
销售任务删除 export function saleTaskDestroy(data),営業タスクを削除する エクスポート関数 saleTaskDestroy(data),販売タスク削除 エクスポート関数 saleTaskDestroy(data),FALSE
销售任务新增,新しい営業タスク,販売タスク新規登録,FALSE
销售任务新增 export function saleTaskCreate(data),新しい営業タスク エクスポート関数 saleTaskCreate(data),販売タスク新規登録 エクスポート関数 saleTaskCreate(data),FALSE
销售出库,アウトバウンド販売,販売出庫,FALSE
销售前十产品,売上上位10製品,販売上位10商品,FALSE
销售前十产品 export function salesTopTenList(params),売上上位10製品 エクスポート関数 salesTopTenList(params),販売上位10商品 エクスポート関数 salesTopTenList(params),FALSE
销售单,販売明細書,販売伝票,FALSE
销售单价(元),販売単価（元）,販売単価（円）,FALSE
销售单价和销售数量必填,販売単価と販売数量は必須です,販売単価と販売数量は必須,FALSE
销售单号,販売注文番号,販売伝票番号,FALSE
销售单据,販売書類,販売伝票,FALSE
销售单据 export function saleOrdersOption(params),販売書類 エクスポート関数 saleOrdersOption(params),販売伝票 エクスポート関数 saleOrdersOption(params),FALSE
销售单详情,販売注文の詳細,販売伝票詳細,FALSE
销售对账单,売上明細書,販売明細書,FALSE
销售开单 export function getSaleOrderNumber(params),売上請求 エクスポート関数 getSaleOrderNumber(params),販売伝票作成 エクスポート関数 getSaleOrderNumber(params),FALSE
销售开单 export function saleOrderCreate(data),売上請求 エクスポート関数 saleOrderCreate(data),販売伝票作成 エクスポート関数 saleOrderCreate(data),FALSE
销售总数量,総販売数量,販売総数量,FALSE
销售总金额,総売上高,販売総金額,FALSE
销售总金额(元),総売上高（元）,販売総金額（円）,FALSE
销售报表按产品汇总,製品ごとの販売レポートの概要,商品別販売レポート集計,FALSE
销售报表按产品汇总 export function salesReportByGoodsList(params),製品ごとの販売レポートの概要 エクスポート関数 salesReportByGoodsList(params),商品別販売レポート集計 エクスポート関数 salesReportByGoodsList(params),FALSE
销售报表明细,販売レポートの詳細,販売レポート明細,FALSE
销售报表明细 export function salesReportDetialsList(params),販売レポートの詳細 エクスポート関数 salesReportDetialsList(params),販売レポート明細 エクスポート関数 salesReportDetailsList(params),FALSE
销售次数,販売数,販売回数,FALSE
销售编号,販売数,販売コード,FALSE
销售记录 export function saleOrderList(params),販売実績 エクスポート関数 saleOrderList(params),販売記録 エクスポート関数 saleOrderList(params),FALSE
销售记录录作废,販売記録は無効になります,販売記録無効,FALSE
销售记录录作废 export function saleOrdersVoid(data),販売記録は無効になります エクスポート関数 saleOrdersVoid(data),販売記録無効 エクスポート関数 saleOrdersVoid(data),FALSE
销售记录详情,販売実績詳細,販売記録詳細,FALSE
销售记录详情 export function saleOrderDetail(params),販売実績詳細 エクスポート関数 saleOrderDetail(params),販売記録詳細 エクスポート関数 saleOrderDetail(params),FALSE
销售退款明细,販売払い戻しの詳細,販売返金明細,FALSE
销售退款明细 export function salesReturnPaymentRecord(params),販売払い戻しの詳細 エクスポート関数 salesReturnPaymentRecord(params),販売返金明細 エクスポート関数 salesReturnPaymentRecord(params),FALSE
销售退货 export function getSaleReturnOrderNumber(params),売上の返品 エクスポート関数 getSaleReturnOrderNumber(params),販売返品 エクスポート関数 getSaleReturnOrderNumber(params),FALSE
销售退货 export function saleReturnOrderCreate(data),売上の返品 エクスポート関数 saleReturnOrderCreate(data),販売返品 エクスポート関数 saleReturnOrderCreate(data),FALSE
销售退货单,売上返品フォーム,販売返品伝票,FALSE
销售退货单号,販売返品注文番号,販売返品伝票番号,FALSE
销售退货单据,売上返品書類,販売返品伝票,FALSE
销售退货单详情,販売返品注文の詳細,販売返品伝票詳細,FALSE
销售退货记录,売上返品実績,販売返品記録,FALSE
销售退货记录 export function saleReturnOrderList(params),売上返品実績 エクスポート関数 saleReturnOrderList(params),販売返品記録 エクスポート関数 saleReturnOrderList(params),FALSE
销售退货详情,販売返品の詳細,販売返品詳細,FALSE
销售退货详情 export function saleReturnOrderDetail(params),販売返品の詳細 エクスポート関数 saleReturnOrderDetail(params),販売返品詳細 エクスポート関数 saleReturnOrderDetail(params),FALSE
销售金额,売上高,販売金額,FALSE
附加组件】,アドオン],アドオン】,FALSE
零售价(元),小売価格（元）,小売価格（円）,FALSE
需要完善该产品的批次信息,この製品のバッチ情報を完了する必要があります,この商品のロット情報を完成させる必要があります,FALSE
页面引用CLodop云打印必须的JS文件：,このページでは、CLodop クラウド印刷に必要な JS ファイルを参照しています。,ページでCLodopクラウド印刷に必要なJSファイルを参照：,FALSE
预期价格(元),予想価格（元）,予定価格（円）,FALSE
预期销售数量,予想販売数量,予定販売数量,FALSE
首页,フロントページ,ホーム,FALSE
默认初始密码为,デフォルトの初期パスワードは、,デフォルト初期パスワードは,FALSE
